Mya_Yates7843@bauros.biz,Mya Yates
Adeline_Price4033@acrit.org,Adeline Price
Jasmine_Speed1741@gmail.com,Jasmine Speed
Ronald_Cowan9302@nickia.com,Ronald Cowan
Faith_Cadman2686@bulaffy.com,Faith Cadman
Eduardo_Snell685@twipet.com,Eduardo Snell
Doug_Walsh8003@nanoff.biz,Doug Walsh
Kurt_Willis8633@extex.org,Kurt Willis
Erick_Owen5584@hourpy.biz,Erick Owen
Jacob_Appleton3702@bungar.biz,Jacob Appleton
Rihanna_Vernon7080@atink.com,Rihanna Vernon
Livia_Woodcock8809@bretoux.com,Livia Woodcock
Mabel_Raven1043@yahoo.com,Mabel Raven
Cecilia_Rehman53@extex.org,Cecilia Rehman
Ember_Davies9447@kideod.biz,Ember Davies
Luke_Hamilton4460@famism.biz,Luke Hamilton
Quinn_Morrow1472@deavo.com,Quinn Morrow
Mackenzie_Andrews6451@nanoff.biz,Mackenzie Andrews
Daron_Corbett5471@hourpy.biz,Daron Corbett
Drew_Simpson5280@grannar.com,Drew Simpson
Trisha_Atkinson3844@fuliss.net,Trisha Atkinson
Russel_Forester2556@gmail.com,Russel Forester
Ally_Quinnell8269@eirey.tech,Ally Quinnell
Rick_Radcliffe3954@bulaffy.com,Rick Radcliffe
Michael_Campbell8292@deavo.com,Michael Campbell
Carter_Patel1193@twace.org,Carter Patel
Caleb_Malone9001@bretoux.com,Caleb Malone
Liliana_Clayton1376@atink.com,Liliana Clayton
Ruby_Hunt2722@vetan.org,Ruby Hunt
John_Attwood3025@bungar.biz,John Attwood
Brooklyn_Flanders6133@cispeto.com,Brooklyn Flanders
Peter_Ingram6646@joiniaa.com,Peter Ingram
Leroy_Snell1339@supunk.biz,Leroy Snell
Luna_Seymour5082@sheye.org,Luna Seymour
Sara_Parker2509@eirey.tech,Sara Parker
Alan_Cavanagh2273@cispeto.com,Alan Cavanagh
Selena_Warren1828@joiniaa.com,Selena Warren
Payton_Mann3825@twace.org,Payton Mann
Remy_Snow7316@cispeto.com,Remy Snow
Rosa_Shaw8861@grannar.com,Rosa Shaw
Rachael_Bell5294@muall.tech,Rachael Bell
Crystal_Hudson3559@infotech44.tech,Crystal Hudson
Tiffany_Varley1455@dionrab.com,Tiffany Varley
Summer_Edmonds7262@ubusive.com,Summer Edmonds
Goldie_Kennedy3793@sheye.org,Goldie Kennedy
Melinda_Vallins7472@qater.org,Melinda Vallins
Alison_Exton6788@zorer.org,Alison Exton
Josh_Mcgregor5240@joiniaa.com,Josh Mcgregor
Emerald_James4125@nanoff.biz,Emerald James
Ethan_Gregory6589@cispeto.com,Ethan Gregory
Sabina_Hopkinson5578@cispeto.com,Sabina Hopkinson
Jacob_Villiger7551@nanoff.biz,Jacob Villiger
Rihanna_Mccormick4968@eirey.tech,Rihanna Mccormick
Owen_Dixon2836@zorer.org,Owen Dixon
Aileen_Dobson3108@irrepsy.com,Aileen Dobson
Aurelia_Vince2079@supunk.biz,Aurelia Vince
Phoebe_Yoman2368@hourpy.biz,Phoebe Yoman
Harry_Goodman1675@hourpy.biz,Harry Goodman
Aiden_Irving3618@bulaffy.com,Aiden Irving
Harmony_Cox1582@jiman.org,Harmony Cox
Zara_Pond7864@supunk.biz,Zara Pond
Tyson_Johnson858@liret.org,Tyson Johnson
William_Crawford3614@qater.org,William Crawford
Candace_Vinton6745@bulaffy.com,Candace Vinton
Alan_Stone4452@famism.biz,Alan Stone
Eryn_Bailey3946@hourpy.biz,Eryn Bailey
Lynn_Logan9408@nickia.com,Lynn Logan
Oliver_Cameron8387@sheye.org,Oliver Cameron
Russel_Curtis9288@guentu.biz,Russel Curtis
Nicholas_Edler5175@hourpy.biz,Nicholas Edler
Kieth_Richards2540@infotech44.tech,Kieth Richards
Camila_Murray7363@sheye.org,Camila Murray
Denis_Davies2653@liret.org,Denis Davies
Holly_Victor6981@naiker.biz,Holly Victor
Nicholas_Mcleod8959@infotech44.tech,Nicholas Mcleod
Daniel_Ring5495@jiman.org,Daniel Ring
Carl_Hewitt5693@yahoo.com,Carl Hewitt
Owen_Kelly9785@nanoff.biz,Owen Kelly
Leroy_Tyler608@sveldo.biz,Leroy Tyler
Fred_Power7042@infotech44.tech,Fred Power
Leilani_James7366@acrit.org,Leilani James
Benny_Patel2758@sveldo.biz,Benny Patel
Caydence_Salt4730@irrepsy.com,Caydence Salt
Remy_Lowe2290@gembat.biz,Remy Lowe
Candice_Newton5261@gembat.biz,Candice Newton
Rufus_Mcgregor7802@guentu.biz,Rufus Mcgregor
Juliet_Rodwell5720@ubusive.com,Juliet Rodwell
Ruth_Curtis2267@gompie.com,Ruth Curtis
Chester_Weston8631@mafthy.com,Chester Weston
Hope_Tobin5899@mafthy.com,Hope Tobin
Bob_Ingram5031@deavo.com,Bob Ingram
Norah_Hastings5208@sveldo.biz,Norah Hastings
Maxwell_Vallory3799@infotech44.tech,Maxwell Vallory
Michael_Farrant1454@liret.org,Michael Farrant
Alice_Lunt6608@brety.org,Alice Lunt
Rosemary_Gibson9305@ubusive.com,Rosemary Gibson
Javier_Hall1983@mafthy.com,Javier Hall
Gabriel_Gardner8697@bretoux.com,Gabriel Gardner
Michael_May1139@vetan.org,Michael May
Alessia_Wright8843@zorer.org,Alessia Wright
Barry_Norman3529@iatim.tech,Barry Norman
Logan_Varndell7646@mafthy.com,Logan Varndell
Luke_Forth1992@ubusive.com,Luke Forth
Luke_Payne7850@gmail.com,Luke Payne
Brooklyn_Avery8323@typill.biz,Brooklyn Avery
Phillip_Coll592@irrepsy.com,Phillip Coll
Kieth_Rogers567@infotech44.tech,Kieth Rogers
Doug_Bright5737@bauros.biz,Doug Bright
Manuel_Cavanagh2858@gompie.com,Manuel Cavanagh
Russel_Baker7835@naiker.biz,Russel Baker
Adalie_Vaughan5106@nanoff.biz,Adalie Vaughan
Holly_Avery5367@gembat.biz,Holly Avery
Dakota_Drummond2970@bulaffy.com,Dakota Drummond
Karen_Nurton2240@sheye.org,Karen Nurton
Ramon_Archer359@acrit.org,Ramon Archer
Henry_Allington2679@typill.biz,Henry Allington
Angelique_Mccall2638@vetan.org,Angelique Mccall
Rufus_Chester8794@grannar.com,Rufus Chester
Trisha_Hilton3576@grannar.com,Trisha Hilton
Matthew_Radley3683@typill.biz,Matthew Radley
Luke_Richards222@ovock.tech,Luke Richards
Colleen_Yang1615@ubusive.com,Colleen Yang
Enoch_Dowson7259@jiman.org,Enoch Dowson
Cadence_Broomfield6870@tonsy.org,Cadence Broomfield
Irene_Redwood6675@famism.biz,Irene Redwood
Barney_Saunders4819@dionrab.com,Barney Saunders
Evie_Hunter4599@deavo.com,Evie Hunter
Mason_London3109@brety.org,Mason London
Regina_Thomson5441@gembat.biz,Regina Thomson
Rufus_Ralph970@joiniaa.com,Rufus Ralph
Emmanuelle_Jones1729@grannar.com,Emmanuelle Jones
Leroy_Sherwood9795@deavo.com,Leroy Sherwood
Marissa_Howard943@liret.org,Marissa Howard
Gina_Chapman177@deavo.com,Gina Chapman
Phillip_Butler9477@corti.com,Phillip Butler
Tyler_Myatt4575@deons.tech,Tyler Myatt
Helen_Osmond787@irrepsy.com,Helen Osmond
Anabelle_Randall9061@cispeto.com,Anabelle Randall
Tom_Verdon6002@infotech44.tech,Tom Verdon
Rhea_Davies3061@gmail.com,Rhea Davies
Hayden_Armstrong3788@bulaffy.com,Hayden Armstrong
Tara_Ward6882@acrit.org,Tara Ward
Martin_Torres8842@infotech44.tech,Martin Torres
Nancy_Hood6205@yahoo.com,Nancy Hood
Caleb_Reese5113@elnee.tech,Caleb Reese
Cameron_Walker9815@gembat.biz,Cameron Walker
Nicholas_Ellis800@gembat.biz,Nicholas Ellis
Mike_Campbell1635@womeona.net,Mike Campbell
Samantha_Harvey5582@gmail.com,Samantha Harvey
Kamila_Khan6273@twace.org,Kamila Khan
Alexia_Ellery2673@tonsy.org,Alexia Ellery
Sofie_Noon9500@gmail.com,Sofie Noon
Hazel_Dobson4789@gembat.biz,Hazel Dobson
Johnny_Swift6738@sveldo.biz,Johnny Swift
Manuel_Reese838@gembat.biz,Manuel Reese
Angel_Smith1473@sheye.org,Angel Smith
Jack_Thorpe8536@guentu.biz,Jack Thorpe
Hank_Vaughn8916@qater.org,Hank Vaughn
Rylee_Burge7879@gembat.biz,Rylee Burge
Courtney_Shepherd3388@womeona.net,Courtney Shepherd
Clint_Palmer5237@dionrab.com,Clint Palmer
Russel_Vaughn655@deavo.com,Russel Vaughn
Doug_Edwards1744@womeona.net,Doug Edwards
Carissa_Glynn5880@jiman.org,Carissa Glynn
Jayden_Emmott8228@gmail.com,Jayden Emmott
Mayleen_Dobson8794@naiker.biz,Mayleen Dobson
Dani_Wilcox6117@kideod.biz,Dani Wilcox
Melania_Healy7752@elnee.tech,Melania Healy
Leah_Cassidy1736@nanoff.biz,Leah Cassidy
Mason_Williams2607@bretoux.com,Mason Williams
Cadence_Fowler641@guentu.biz,Cadence Fowler
Wade_Spencer1505@tonsy.org,Wade Spencer
Evie_Silva2739@yahoo.com,Evie Silva
Charlize_Boyle7245@tonsy.org,Charlize Boyle
Noemi_Richardson1590@naiker.biz,Noemi Richardson
Dani_Drummond6541@vetan.org,Dani Drummond
Boris_Button5714@cispeto.com,Boris Button
Caleb_Forester7173@joiniaa.com,Caleb Forester
John_Noon5916@nickia.com,John Noon
Priscilla_Graham1479@naiker.biz,Priscilla Graham
Kurt_Reynolds667@acrit.org,Kurt Reynolds
Mina_Scott2793@supunk.biz,Mina Scott
Carissa_Leslie5398@ovock.tech,Carissa Leslie
Alexander_Mason7735@yahoo.com,Alexander Mason
Chadwick_Lynch3168@deons.tech,Chadwick Lynch
Danny_Heaton4846@typill.biz,Danny Heaton
Cameron_Alcroft8603@extex.org,Cameron Alcroft
Ruby_James2173@grannar.com,Ruby James
Noah_Vaughan3187@nickia.com,Noah Vaughan
Leroy_Flack6347@muall.tech,Leroy Flack
Domenic_Kelly1247@ovock.tech,Domenic Kelly
Martin_Archer9759@nickia.com,Martin Archer
Esmeralda_Seymour4716@guentu.biz,Esmeralda Seymour
Rylee_Truscott5568@womeona.net,Rylee Truscott
Barry_Gavin2303@supunk.biz,Barry Gavin
Liam_Walton6440@sveldo.biz,Liam Walton
Oliver_Spencer8333@nickia.com,Oliver Spencer
Ron_Walton9155@brety.org,Ron Walton
Angelica_Lee5455@twipet.com,Angelica Lee
Abdul_Moore4328@grannar.com,Abdul Moore
Margot_Randall1122@sveldo.biz,Margot Randall
Matt_Mooney7270@extex.org,Matt Mooney
Kurt_Squire8703@eirey.tech,Kurt Squire
Benny_Dyson8088@sheye.org,Benny Dyson
Mara_Crawley8345@brety.org,Mara Crawley
Rosie_Sloan9429@elnee.tech,Rosie Sloan
Jane_Woodley1030@jiman.org,Jane Woodley
Gil_Mackenzie7243@brety.org,Gil Mackenzie
Chuck_Farrow9161@ubusive.com,Chuck Farrow
Leroy_Forester3018@iatim.tech,Leroy Forester
Sadie_Craig6680@deons.tech,Sadie Craig
Marigold_Rose3887@sveldo.biz,Marigold Rose
Hank_Stone2991@typill.biz,Hank Stone
Nathan_Mason5949@bulaffy.com,Nathan Mason
Willow_Bailey730@nickia.com,Willow Bailey
Elijah_Hamilton4957@brety.org,Elijah Hamilton
Norah_Walsh3052@yahoo.com,Norah Walsh
Ilona_Selby199@sheye.org,Ilona Selby
Sabina_Walker6108@supunk.biz,Sabina Walker
Rebecca_Shaw966@typill.biz,Rebecca Shaw
Alba_Miller3879@famism.biz,Alba Miller
Josh_Vass67@mafthy.com,Josh Vass
Jacqueline_Eagle6684@gmail.com,Jacqueline Eagle
Marla_Darcy2710@sveldo.biz,Marla Darcy
Ilona_Khan8337@kideod.biz,Ilona Khan
Janelle_Beal6840@bauros.biz,Janelle Beal
Domenic_Plant6799@sveldo.biz,Domenic Plant
Martin_Tailor2469@liret.org,Martin Tailor
Cassidy_Benfield4202@kideod.biz,Cassidy Benfield
Marilyn_Camden2360@qater.org,Marilyn Camden
Shelby_Khan9953@ovock.tech,Shelby Khan
Noah_Morley9464@qater.org,Noah Morley
Bethany_Darcy2591@ubusive.com,Bethany Darcy
Emery_Walsh5616@deavo.com,Emery Walsh
Amelia_Goldsmith472@jiman.org,Amelia Goldsmith
Candice_Davies3829@cispeto.com,Candice Davies
Maddison_Roscoe8300@corti.com,Maddison Roscoe
Ema_Tennant7356@atink.com,Ema Tennant
Daron_Harrison4009@elnee.tech,Daron Harrison
Gil_Gaynor864@womeona.net,Gil Gaynor
Goldie_Murray5299@ovock.tech,Goldie Murray
Benny_Giles7315@mafthy.com,Benny Giles
Chester_Wilkinson4448@naiker.biz,Chester Wilkinson
Ethan_Reid7621@hourpy.biz,Ethan Reid
Henry_Neville4164@ovock.tech,Henry Neville
Ada_Casey6172@ubusive.com,Ada Casey
Hope_Adler8507@zorer.org,Hope Adler
Mandy_Watson8716@sheye.org,Mandy Watson
Florence_Young1469@sveldo.biz,Florence Young
Callie_Davies6066@brety.org,Callie Davies
Chad_Hunter2516@irrepsy.com,Chad Hunter
Denis_Sawyer5898@gmail.com,Denis Sawyer
Beatrice_Thomas3930@twipet.com,Beatrice Thomas
Shannon_Barrett5777@gmail.com,Shannon Barrett
Chuck_Bingham9914@guentu.biz,Chuck Bingham
Keira_Wright3123@ubusive.com,Keira Wright
Rae_Norman8879@mafthy.com,Rae Norman
Boris_Andrews3882@bretoux.com,Boris Andrews
Eve_Irving5085@gmail.com,Eve Irving
Camellia_Terry8489@cispeto.com,Camellia Terry
Megan_Eastwood2301@sheye.org,Megan Eastwood
Kamila_Bailey3538@bauros.biz,Kamila Bailey
Valerie_Kelly2599@sveldo.biz,Valerie Kelly
Benny_Grady8007@kideod.biz,Benny Grady
Gloria_Oliver2727@typill.biz,Gloria Oliver
Chadwick_Crawley6145@deavo.com,Chadwick Crawley
Rosalyn_Wise8012@gembat.biz,Rosalyn Wise
Makena_Morrison1212@hourpy.biz,Makena Morrison
Agnes_Mccall6402@bretoux.com,Agnes Mccall
Gwen_Stewart3961@gompie.com,Gwen Stewart
Rowan_Holt3988@muall.tech,Rowan Holt
Caleb_Warren4282@vetan.org,Caleb Warren
Russel_Gilmour6338@cispeto.com,Russel Gilmour
Lucas_Savage448@sveldo.biz,Lucas Savage
Willow_Ulyatt9791@twipet.com,Willow Ulyatt
Sabrina_Pierce9577@elnee.tech,Sabrina Pierce
Janelle_Thatcher459@sveldo.biz,Janelle Thatcher
Chester_Wilton1453@tonsy.org,Chester Wilton
Clint_Andersson5172@joiniaa.com,Clint Andersson
Daniel_Lynn1295@naiker.biz,Daniel Lynn
Erin_Thorpe2955@nanoff.biz,Erin Thorpe
Rick_Middleton1030@hourpy.biz,Rick Middleton
Leanne_Sawyer24@vetan.org,Leanne Sawyer
Teagan_Wren5295@sheye.org,Teagan Wren
Ronald_Groves8579@vetan.org,Ronald Groves
Makenzie_Janes5658@mafthy.com,Makenzie Janes
Teagan_Morgan1690@kideod.biz,Teagan Morgan
Danny_Pearce8694@deons.tech,Danny Pearce
Rocco_Clarke3246@tonsy.org,Rocco Clarke
Logan_Butler9034@fuliss.net,Logan Butler
Marigold_Underhill3678@joiniaa.com,Marigold Underhill
Mason_Bradshaw6842@bretoux.com,Mason Bradshaw
Brad_Gunn5089@bulaffy.com,Brad Gunn
Aiden_Whitmore5485@infotech44.tech,Aiden Whitmore
Makenzie_Nicholls4454@iatim.tech,Makenzie Nicholls
Winnie_Murray6684@gompie.com,Winnie Murray
Marjorie_Weatcroft5515@corti.com,Marjorie Weatcroft
Fred_Morgan7492@corti.com,Fred Morgan
Mackenzie_Radcliffe5659@twace.org,Mackenzie Radcliffe
Gil_Healy4236@typill.biz,Gil Healy
Harvey_Powell9320@bretoux.com,Harvey Powell
Caydence_Todd7353@guentu.biz,Caydence Todd
Ciara_Dubois1173@fuliss.net,Ciara Dubois
Rocco_Moss95@hourpy.biz,Rocco Moss
Daniel_Utterson594@extex.org,Daniel Utterson
Maxwell_Scott3241@sheye.org,Maxwell Scott
Brooklyn_Wooldridge8658@yahoo.com,Brooklyn Wooldridge
Bob_Freeburn2360@irrepsy.com,Bob Freeburn
Quinn_Lambert8691@liret.org,Quinn Lambert
Nick_Bowen5548@nickia.com,Nick Bowen
Marigold_Stone5849@twace.org,Marigold Stone
Kurt_Brooks9350@zorer.org,Kurt Brooks
Bart_Alldridge9628@joiniaa.com,Bart Alldridge
Nathan_Camden960@womeona.net,Nathan Camden
Daron_Mackenzie5469@kideod.biz,Daron Mackenzie
Leilani_Bryson8204@ubusive.com,Leilani Bryson
Chad_Michael6445@brety.org,Chad Michael
Rylee_Devonport7320@supunk.biz,Rylee Devonport
Blake_Bailey3690@vetan.org,Blake Bailey
Chester_Chapman4616@bulaffy.com,Chester Chapman
George_Davies257@sheye.org,George Davies
Kirsten_Plant1393@brety.org,Kirsten Plant
Margaret_Wright6000@guentu.biz,Margaret Wright
Elle_Griffiths2289@naiker.biz,Elle Griffiths
William_Logan7015@hourpy.biz,William Logan
Julian_Fisher9285@deons.tech,Julian Fisher
Maxwell_Shields9017@famism.biz,Maxwell Shields
Kurt_Farmer8730@fuliss.net,Kurt Farmer
Jade_Eagle9948@qater.org,Jade Eagle
Camila_Jobson4830@gembat.biz,Camila Jobson
Ron_Davies6693@bauros.biz,Ron Davies
Chadwick_Shea1881@irrepsy.com,Chadwick Shea
John_Wigley402@corti.com,John Wigley
Greta_Pitt5458@kideod.biz,Greta Pitt
Eduardo_Hancock2267@famism.biz,Eduardo Hancock
Belinda_Nicholls8590@naiker.biz,Belinda Nicholls
Matthew_Rodwell7098@brety.org,Matthew Rodwell
Luna_Utterson1484@typill.biz,Luna Utterson
Denis_Egerton4040@extex.org,Denis Egerton
Mary_Khan5042@corti.com,Mary Khan
Mark_Poole261@vetan.org,Mark Poole
Valentina_Hammond6100@cispeto.com,Valentina Hammond
Natalie_Coleman4038@nickia.com,Natalie Coleman
Rylee_Stanton3087@bulaffy.com,Rylee Stanton
Brooklyn_Lindsay7382@supunk.biz,Brooklyn Lindsay
Roger_Patel2298@vetan.org,Roger Patel
Evelynn_Phillips3745@nimogy.biz,Evelynn Phillips
Ciara_Forth982@bretoux.com,Ciara Forth
Percy_Goodman6328@supunk.biz,Percy Goodman
Joseph_Bradshaw7394@brety.org,Joseph Bradshaw
William_Norris5875@nickia.com,William Norris
Fiona_Harrison6304@qater.org,Fiona Harrison
Hayden_Larsen66@bulaffy.com,Hayden Larsen
Aiden_Oliver7237@atink.com,Aiden Oliver
Tyler_Roberts82@joiniaa.com,Tyler Roberts
Joy_Hammond3504@cispeto.com,Joy Hammond
Goldie_Thompson4918@bretoux.com,Goldie Thompson
Morgan_Lewis7059@cispeto.com,Morgan Lewis
Tiffany_Edmonds2512@ovock.tech,Tiffany Edmonds
Candice_York7275@iatim.tech,Candice York
William_Thompson5871@naiker.biz,William Thompson
Michael_Hobson1766@infotech44.tech,Michael Hobson
Sienna_Isaac1179@hourpy.biz,Sienna Isaac
Phoebe_Graham7037@ubusive.com,Phoebe Graham
Christine_Jacobs2194@zorer.org,Christine Jacobs
Naomi_Nayler553@sheye.org,Naomi Nayler
Livia_Bayliss7224@twace.org,Livia Bayliss
Piper_Vollans7006@dionrab.com,Piper Vollans
Anthony_Foxley7371@qater.org,Anthony Foxley
John_Watt4179@liret.org,John Watt
Jocelyn_Mooney3940@nickia.com,Jocelyn Mooney
Lynn_Payne7124@irrepsy.com,Lynn Payne
Daron_Wise4036@tonsy.org,Daron Wise
Percy_Parker9943@qater.org,Percy Parker
Bob_Owen6433@bretoux.com,Bob Owen
Peter_Wright3725@joiniaa.com,Peter Wright
Maia_Calderwood8173@grannar.com,Maia Calderwood
Luke_Swan534@twace.org,Luke Swan
Alma_Morris2398@joiniaa.com,Alma Morris
Rylee_Addison5473@bretoux.com,Rylee Addison
Selena_Stewart5643@elnee.tech,Selena Stewart
Sharon_Lindsay852@nickia.com,Sharon Lindsay
Raquel_Allen3053@joiniaa.com,Raquel Allen
Chris_Cassidy8615@iatim.tech,Chris Cassidy
Harvey_Purvis8638@guentu.biz,Harvey Purvis
Jacob_Moran2326@mafthy.com,Jacob Moran
Davina_Thompson684@famism.biz,Davina Thompson
Vicky_Page 3878@qater.org,Vicky Page 
Denny_Durrant3922@vetan.org,Denny Durrant
Brad_Yarwood8383@fuliss.net,Brad Yarwood
Shay_Weston9194@nanoff.biz,Shay Weston
Henry_Vaughan6670@yahoo.com,Henry Vaughan
Russel_Harper4938@typill.biz,Russel Harper
Lynn_Rowlands2524@extex.org,Lynn Rowlands
Vanessa_Stanton174@jiman.org,Vanessa Stanton
Harry_Lowe2507@nimogy.biz,Harry Lowe
Clint_Dixon2266@acrit.org,Clint Dixon
Joyce_Salt8922@cispeto.com,Joyce Salt
Lorraine_Mason3668@cispeto.com,Lorraine Mason
Jacqueline_Maxwell5829@famism.biz,Jacqueline Maxwell
Maxwell_Hancock8488@corti.com,Maxwell Hancock
Logan_Lee6399@joiniaa.com,Logan Lee
Irene_Victor9761@zorer.org,Irene Victor
Caleb_Evans1349@twace.org,Caleb Evans
Jocelyn_Dickson7435@muall.tech,Jocelyn Dickson
Vivian_Everett4988@supunk.biz,Vivian Everett
Candace_Shaw1964@cispeto.com,Candace Shaw
Daniel_Webster7337@acrit.org,Daniel Webster
Mason_Mcnally4863@grannar.com,Mason Mcnally
Daphne_James4889@deavo.com,Daphne James
Iris_Stanton4475@naiker.biz,Iris Stanton
Gabriel_Carson1930@supunk.biz,Gabriel Carson
Chadwick_Tailor2581@nanoff.biz,Chadwick Tailor
Daron_Vaughn4681@bungar.biz,Daron Vaughn
Victoria_Reid7807@famism.biz,Victoria Reid
Deborah_Stevens1865@liret.org,Deborah Stevens
Gabriel_Upsdell7899@fuliss.net,Gabriel Upsdell
Anabel_Nobbs3980@grannar.com,Anabel Nobbs
Deborah_Doherty3523@extex.org,Deborah Doherty
Caleb_Mann3160@irrepsy.com,Caleb Mann
Carl_Nobbs5549@typill.biz,Carl Nobbs
Henry_Potts3975@gembat.biz,Henry Potts
Jennifer_Trent9699@elnee.tech,Jennifer Trent
Martin_Stone 2486@zorer.org,Martin Stone 
Chester_Wright9255@fuliss.net,Chester Wright
Benny_Nelson7947@ubusive.com,Benny Nelson
Marvin_Judd7125@deons.tech,Marvin Judd
Liam_Shaw9779@deons.tech,Liam Shaw
Peter_Bingham1911@iatim.tech,Peter Bingham
Eryn_Jefferson9190@muall.tech,Eryn Jefferson
Ethan_Adler4443@nickia.com,Ethan Adler
Peter_Booth5390@infotech44.tech,Peter Booth
Renee_Baker676@atink.com,Renee Baker
Maggie_Adams8738@vetan.org,Maggie Adams
Russel_Judd1621@muall.tech,Russel Judd
Francesca_Hopkinson2983@elnee.tech,Francesca Hopkinson
Phillip_Russell1541@eirey.tech,Phillip Russell
Chris_Callan425@twace.org,Chris Callan
Esmeralda_Lakey104@brety.org,Esmeralda Lakey
Russel_Button501@qater.org,Russel Button
Chelsea_Gates3134@nanoff.biz,Chelsea Gates
Gladys_Owen7981@ubusive.com,Gladys Owen
Lynn_Santos1028@cispeto.com,Lynn Santos
Doug_Carson8264@eirey.tech,Doug Carson
Rosalie_Dallas7452@eirey.tech,Rosalie Dallas
Norah_Jones4322@extex.org,Norah Jones
Jenna_Wood4443@hourpy.biz,Jenna Wood
Rick_Morrow9821@vetan.org,Rick Morrow
Ramon_Robertson7047@gompie.com,Ramon Robertson
Boris_Randall5077@yahoo.com,Boris Randall
Andrea_Cavanagh7986@gompie.com,Andrea Cavanagh
Martha_Clarke591@acrit.org,Martha Clarke
Chad_Mcguire8152@irrepsy.com,Chad Mcguire
Chloe_Griffiths2790@kideod.biz,Chloe Griffiths
Johnathan_Thomas2223@nanoff.biz,Johnathan Thomas
Daniel_Jennson1746@bungar.biz,Daniel Jennson
Monica_Egerton4058@twipet.com,Monica Egerton
Maria_Fisher8815@eirey.tech,Maria Fisher
Johnny_Booth6229@sheye.org,Johnny Booth
Daniel_Hunt2421@bauros.biz,Daniel Hunt
Leroy_Page 518@bungar.biz,Leroy Page 
Julian_Olivier6322@eirey.tech,Julian Olivier
Jayden_Carter1330@twipet.com,Jayden Carter
Naomi_Adler5257@tonsy.org,Naomi Adler
Kate_Higgs277@bulaffy.com,Kate Higgs
Peter_Lee4428@womeona.net,Peter Lee
Harry_Howard4337@gembat.biz,Harry Howard
Matt_Pond4686@twipet.com,Matt Pond
Megan_Howard6260@mafthy.com,Megan Howard
Crystal_Spencer3424@liret.org,Crystal Spencer
Harmony_Whinter561@naiker.biz,Harmony Whinter
Evelynn_Kelly1423@nanoff.biz,Evelynn Kelly
Juliette_Cunningham1068@zorer.org,Juliette Cunningham
Nicholas_Phillips9151@kideod.biz,Nicholas Phillips
Hayden_Hall2385@iatim.tech,Hayden Hall
Angelique_Cobb4374@muall.tech,Angelique Cobb
Nathan_Tyrrell2134@irrepsy.com,Nathan Tyrrell
Sienna_Daniells6505@womeona.net,Sienna Daniells
Mike_Atkinson3005@bauros.biz,Mike Atkinson
Bart_Radcliffe7594@womeona.net,Bart Radcliffe
Clint_Smith8842@nimogy.biz,Clint Smith
Gil_West4256@dionrab.com,Gil West
Julius_Baxter4927@vetan.org,Julius Baxter
George_Cassidy6313@brety.org,George Cassidy
Alma_Yarlett3906@twipet.com,Alma Yarlett
Tony_Mould4819@grannar.com,Tony Mould
Ethan_Moss9103@deavo.com,Ethan Moss
Sharon_Hastings5175@gembat.biz,Sharon Hastings
Brad_Vaughan5856@zorer.org,Brad Vaughan
Aileen_Mcnally7003@vetan.org,Aileen Mcnally
Alba_Willson232@jiman.org,Alba Willson
Chris_Fowler5884@ovock.tech,Chris Fowler
Shay_Michael8838@supunk.biz,Shay Michael
Ruby_Eyres7879@grannar.com,Ruby Eyres
Kassandra_Zaoui4167@nickia.com,Kassandra Zaoui
Marina_Brown5158@hourpy.biz,Marina Brown
Stella_Cunningham8709@fuliss.net,Stella Cunningham
Melania_Mason6367@atink.com,Melania Mason
Ivette_Hogg5695@deons.tech,Ivette Hogg
Maxwell_Baker1899@joiniaa.com,Maxwell Baker
Rita_Gray1527@nickia.com,Rita Gray
Rick_Allwood3499@twipet.com,Rick Allwood
Sabrina_Wilson7650@tonsy.org,Sabrina Wilson
Ramon_Norman8758@naiker.biz,Ramon Norman
Mark_Parr6282@infotech44.tech,Mark Parr
Gloria_Hilton3325@naiker.biz,Gloria Hilton
Emery_Brennan1135@hourpy.biz,Emery Brennan
Logan_Quinnell1924@fuliss.net,Logan Quinnell
Carl_Coll3554@womeona.net,Carl Coll
Javier_Trent3769@bulaffy.com,Javier Trent
Kieth_Reese3908@zorer.org,Kieth Reese
Hayden_Bingham1766@nanoff.biz,Hayden Bingham
Sara_Woodcock5632@corti.com,Sara Woodcock
Amy_Bryson9345@grannar.com,Amy Bryson
Tom_Owen8738@typill.biz,Tom Owen
Russel_Mould1039@elnee.tech,Russel Mould
Lillian_Rogers4148@guentu.biz,Lillian Rogers
Ryan_Ulyatt2399@twace.org,Ryan Ulyatt
Alexander_Gibbons131@deons.tech,Alexander Gibbons
Owen_Wright8727@tonsy.org,Owen Wright
Matt_Kennedy8296@ubusive.com,Matt Kennedy
Aileen_Yarwood5753@irrepsy.com,Aileen Yarwood
Chuck_Stanley7407@qater.org,Chuck Stanley
Barry_Glass6765@nimogy.biz,Barry Glass
Karen_Tyrrell8051@sheye.org,Karen Tyrrell
Roger_Windsor7891@grannar.com,Roger Windsor
Hank_Moore9106@nickia.com,Hank Moore
Carol_Wright781@bungar.biz,Carol Wright
Fred_Clarke7691@guentu.biz,Fred Clarke
Hank_Carpenter1652@mafthy.com,Hank Carpenter
Ryan_Evans1915@elnee.tech,Ryan Evans
David_Archer644@mafthy.com,David Archer
Ronald_Rowlands200@deavo.com,Ronald Rowlands
Anthony_Thorne730@womeona.net,Anthony Thorne
Caleb_Collins7413@zorer.org,Caleb Collins
Liliana_Johnson9222@ovock.tech,Liliana Johnson
Maggie_Gordon2068@cispeto.com,Maggie Gordon
Christy_Gordon4746@typill.biz,Christy Gordon
Dakota_Gosling4867@dionrab.com,Dakota Gosling
Phillip_Adams602@typill.biz,Phillip Adams
Alessia_Brett6325@bauros.biz,Alessia Brett
Ryan_Yarwood3177@supunk.biz,Ryan Yarwood
Cassandra_Jacobs1076@yahoo.com,Cassandra Jacobs
Shay_Carson5136@cispeto.com,Shay Carson
Carl_Newton2694@ubusive.com,Carl Newton
Noah_Mccormick6699@dionrab.com,Noah Mccormick
Bryon_Niles1060@sveldo.biz,Bryon Niles
Carter_Harrison4510@extex.org,Carter Harrison
Mya_Moreno778@grannar.com,Mya Moreno
Julian_Allen4516@nanoff.biz,Julian Allen
Kurt_Holmes5415@ubusive.com,Kurt Holmes
Maxwell_Evans3103@nickia.com,Maxwell Evans
Leilani_Driscoll2487@fuliss.net,Leilani Driscoll
Bree_Cartwright40@bungar.biz,Bree Cartwright
Aleksandra_Andrews5284@bulaffy.com,Aleksandra Andrews
Chloe_Butler7191@dionrab.com,Chloe Butler
Alma_Richardson4949@kideod.biz,Alma Richardson
Madelyn_Marshall7735@gmail.com,Madelyn Marshall
Marvin_Eyres7805@gmail.com,Marvin Eyres
Kaylee_Brennan686@iatim.tech,Kaylee Brennan
Rocco_Payne5190@tonsy.org,Rocco Payne
Nathan_Kelly6343@gompie.com,Nathan Kelly
Ronald_Wren2362@bretoux.com,Ronald Wren
Agnes_Rixon8069@joiniaa.com,Agnes Rixon
Jennifer_Ross6244@yahoo.com,Jennifer Ross
Savannah_Townend1549@gmail.com,Savannah Townend
Summer_Rogan850@deavo.com,Summer Rogan
Vicky_Buckley2959@naiker.biz,Vicky Buckley
Erin_Cartwright1988@jiman.org,Erin Cartwright
Bernadette_Stanley4656@nanoff.biz,Bernadette Stanley
Ema_Hopkinson6561@twipet.com,Ema Hopkinson
Johnathan_Eyres4959@gmail.com,Johnathan Eyres
Joseph_Webster2645@acrit.org,Joseph Webster
Cedrick_Asher5302@naiker.biz,Cedrick Asher
Chris_Ashwell84@tonsy.org,Chris Ashwell
Ivette_Archer3485@twace.org,Ivette Archer
Alice_Silva9943@qater.org,Alice Silva
Noah_Allcott7884@nickia.com,Noah Allcott
Janelle_Gates9305@eirey.tech,Janelle Gates
John_Matthews8415@womeona.net,John Matthews
Percy_Dwyer6818@hourpy.biz,Percy Dwyer
Alessia_Parsons4582@bretoux.com,Alessia Parsons
Beatrice_Buckley3726@vetan.org,Beatrice Buckley
Harry_Niles4115@extex.org,Harry Niles
Marissa_Logan8530@ovock.tech,Marissa Logan
Hope_Ellison7507@brety.org,Hope Ellison
Kurt_Coleman8154@sveldo.biz,Kurt Coleman
Jennifer_Emerson1555@hourpy.biz,Jennifer Emerson
Rosalyn_Walsh4829@deons.tech,Rosalyn Walsh
Peter_Aldridge3154@nanoff.biz,Peter Aldridge
Hank_Kelly8530@nimogy.biz,Hank Kelly
Carter_Dunbar7374@womeona.net,Carter Dunbar
Ramon_Knight7210@mafthy.com,Ramon Knight
Mason_Bailey2539@infotech44.tech,Mason Bailey
Percy_Uddin5895@dionrab.com,Percy Uddin
Marissa_Rose7718@zorer.org,Marissa Rose
Remy_Burge5789@zorer.org,Remy Burge
Renee_Victor1177@grannar.com,Renee Victor
Rhea_Warden6288@liret.org,Rhea Warden
Abdul_Morrow8973@jiman.org,Abdul Morrow
Cristal_Fulton3401@elnee.tech,Cristal Fulton
Sasha_Lakey7799@ubusive.com,Sasha Lakey
Alexa_Roberts8737@nimogy.biz,Alexa Roberts
Alexander_Rogan8535@famism.biz,Alexander Rogan
Tyson_Rossi7027@jiman.org,Tyson Rossi
Sabina_Redfern3511@atink.com,Sabina Redfern
Chester_May4954@kideod.biz,Chester May
Chadwick_Potts1536@sveldo.biz,Chadwick Potts
Carter_Zaoui7918@elnee.tech,Carter Zaoui
Rae_Kerr9394@elnee.tech,Rae Kerr
Phillip_Hammond8427@yahoo.com,Phillip Hammond
Chester_Connor800@bauros.biz,Chester Connor
Stella_Squire6334@brety.org,Stella Squire
Chelsea_Mitchell4237@vetan.org,Chelsea Mitchell
Zoe_Adams7457@naiker.biz,Zoe Adams
Doug_Potts2825@sheye.org,Doug Potts
Aiden_Thornton9149@famism.biz,Aiden Thornton
Boris_Adams4628@irrepsy.com,Boris Adams
Mason_Parker3983@deavo.com,Mason Parker
Martin_Savage687@kideod.biz,Martin Savage
Maribel_Todd3306@fuliss.net,Maribel Todd
Kamila_Groves565@deavo.com,Kamila Groves
Erin_Bright3121@nickia.com,Erin Bright
Teagan_Ashley5741@sheye.org,Teagan Ashley
Russel_Summers9588@nimogy.biz,Russel Summers
Joyce_Abbey307@corti.com,Joyce Abbey
Bridget_Baldwin8352@nimogy.biz,Bridget Baldwin
Deborah_Hastings9116@fuliss.net,Deborah Hastings
Deborah_Cartwright7538@kideod.biz,Deborah Cartwright
Sonya_Simmons7281@typill.biz,Sonya Simmons
Zara_Edler2932@gembat.biz,Zara Edler
Makenzie_Edwards6461@liret.org,Makenzie Edwards
Lucy_Snell5727@fuliss.net,Lucy Snell
Blake_Russell6185@nanoff.biz,Blake Russell
Logan_Partridge5718@womeona.net,Logan Partridge
George_Hall5098@sveldo.biz,George Hall
Hannah_Whatson2107@naiker.biz,Hannah Whatson
Vicky_Weatcroft6288@dionrab.com,Vicky Weatcroft
Eden_Knott6813@eirey.tech,Eden Knott
Lucas_Pratt7378@gompie.com,Lucas Pratt
Anabelle_Clark5536@infotech44.tech,Anabelle Clark
Hailey_Sylvester7719@fuliss.net,Hailey Sylvester
John_Cassidy5389@nimogy.biz,John Cassidy
Sloane_Murphy7840@gompie.com,Sloane Murphy
Marilyn_Roth5429@brety.org,Marilyn Roth
Valerie_Fowler3256@supunk.biz,Valerie Fowler
Barry_Farmer9318@twace.org,Barry Farmer
Bernadette_Coates2345@nickia.com,Bernadette Coates
Barry_Burnley6103@fuliss.net,Barry Burnley
Logan_Hooper9902@gmail.com,Logan Hooper
Doug_West1588@vetan.org,Doug West
Ron_Oldfield8180@nimogy.biz,Ron Oldfield
Colleen_Gilmore3742@liret.org,Colleen Gilmore
Alan_Watson4018@naiker.biz,Alan Watson
Matt_Goldsmith1101@bungar.biz,Matt Goldsmith
Chris_Stewart5346@gompie.com,Chris Stewart
Freya_Neville9514@gompie.com,Freya Neville
Caydence_Eyres3317@ubusive.com,Caydence Eyres
Clarissa_Partridge5372@bauros.biz,Clarissa Partridge
Jane_Rothwell3762@atink.com,Jane Rothwell
Michael_Hogg1971@mafthy.com,Michael Hogg
Lily_Murphy2230@hourpy.biz,Lily Murphy
Johnny_Heaton2442@fuliss.net,Johnny Heaton
Alexa_Wood8036@joiniaa.com,Alexa Wood
Florence_Vernon748@gompie.com,Florence Vernon
Scarlett_Paterson3512@bretoux.com,Scarlett Paterson
Hank_Williams3753@muall.tech,Hank Williams
Daniel_Bradley3643@bauros.biz,Daniel Bradley
Peyton_Atkinson4947@fuliss.net,Peyton Atkinson
Rita_Ianson5312@gembat.biz,Rita Ianson
Julianna_Owen9606@infotech44.tech,Julianna Owen
Clarissa_Fields6224@iatim.tech,Clarissa Fields
Charlotte_Glynn9185@bungar.biz,Charlotte Glynn
Denny_Isaac5949@qater.org,Denny Isaac
Benjamin_Quinnell452@acrit.org,Benjamin Quinnell
Johnathan_Ianson724@nimogy.biz,Johnathan Ianson
Bryon_Allen1503@guentu.biz,Bryon Allen
Julius_Bennett3955@dionrab.com,Julius Bennett
Scarlett_Howard7343@corti.com,Scarlett Howard
Marvin_Baldwin5603@zorer.org,Marvin Baldwin
Abdul_Parker6737@gompie.com,Abdul Parker
Tyson_Darcy6024@yahoo.com,Tyson Darcy
Liliana_Clarke9394@naiker.biz,Liliana Clarke
Anthony_Strong249@corti.com,Anthony Strong
Noemi_Jarrett5163@womeona.net,Noemi Jarrett
Phillip_Swan5461@supunk.biz,Phillip Swan
Anthony_Greenwood2099@atink.com,Anthony Greenwood
Fred_Farrell5899@sveldo.biz,Fred Farrell
Alan_Drew3642@gembat.biz,Alan Drew
Leroy_London9529@gompie.com,Leroy London
Elijah_Vane701@joiniaa.com,Elijah Vane
Harvey_Wright1353@irrepsy.com,Harvey Wright
Percy_Cartwright2063@liret.org,Percy Cartwright
Anthony_Gregory7976@nimogy.biz,Anthony Gregory
Camila_Watt9142@irrepsy.com,Camila Watt
Emma_Walker3131@hourpy.biz,Emma Walker
Danielle_Jenkin9731@supunk.biz,Danielle Jenkin
Megan_Roman7998@bungar.biz,Megan Roman
Cameron_Edwards1188@extex.org,Cameron Edwards
Bryon_Eagle1376@twipet.com,Bryon Eagle
Gwen_Willson2570@acrit.org,Gwen Willson
Manuel_Pond6030@tonsy.org,Manuel Pond
Wade_Veale3049@muall.tech,Wade Veale
Abdul_Morris8124@iatim.tech,Abdul Morris
Chadwick_Palmer8614@elnee.tech,Chadwick Palmer
Doris_Plant9315@gompie.com,Doris Plant
Fred_Brown308@dionrab.com,Fred Brown
Tania_Flack6160@guentu.biz,Tania Flack
Marissa_Saunders6064@muall.tech,Marissa Saunders
Erick_Chadwick4778@irrepsy.com,Erick Chadwick
Christine_James5089@vetan.org,Christine James
Vicky_Gray8330@bauros.biz,Vicky Gray
Adina_Kerr420@bretoux.com,Adina Kerr
Enoch_Stewart2300@extex.org,Enoch Stewart
Ivy_Hope9229@guentu.biz,Ivy Hope
Jacob_Barclay2086@gmail.com,Jacob Barclay
Chester_Osman4529@elnee.tech,Chester Osman
Johnny_Sawyer4305@nimogy.biz,Johnny Sawyer
Matt_Newton8721@grannar.com,Matt Newton
Benny_Widdows2996@deons.tech,Benny Widdows
Bart_Ellis4919@gmail.com,Bart Ellis
Roger_Rixon6187@acrit.org,Roger Rixon
Jocelyn_Ralph4543@bungar.biz,Jocelyn Ralph
Josh_Simmons6196@typill.biz,Josh Simmons
Alexander_Pratt5459@liret.org,Alexander Pratt
Lillian_Clarkson3661@naiker.biz,Lillian Clarkson
Marissa_Lindop1231@sveldo.biz,Marissa Lindop
Freya_Page 885@ovock.tech,Freya Page 
Manuel_Talbot752@nickia.com,Manuel Talbot
Manuel_Salt9330@gmail.com,Manuel Salt
Chester_Hamilton4817@hourpy.biz,Chester Hamilton
Fred_Collis2687@jiman.org,Fred Collis
Vivian_Gilmour8357@nickia.com,Vivian Gilmour
Melanie_Farmer3414@nanoff.biz,Melanie Farmer
Benjamin_Middleton6624@joiniaa.com,Benjamin Middleton
Joy_Page 8731@nickia.com,Joy Page 
Oliver_Allen9914@grannar.com,Oliver Allen
Percy_Douglas2831@nimogy.biz,Percy Douglas
Percy_Windsor8213@bulaffy.com,Percy Windsor
Madison_Woodcock3970@deons.tech,Madison Woodcock
Harvey_Ellison7537@grannar.com,Harvey Ellison
Rocco_Adler715@kideod.biz,Rocco Adler
Russel_Gray5928@yahoo.com,Russel Gray
Carl_Blythe2792@atink.com,Carl Blythe
Tom_Oakley6548@twace.org,Tom Oakley
Martin_Payne7567@iatim.tech,Martin Payne
William_Gibbons7752@infotech44.tech,William Gibbons
Bridget_Oakley4402@ovock.tech,Bridget Oakley
Russel_Harper8381@sheye.org,Russel Harper
Dakota_Gibson7984@irrepsy.com,Dakota Gibson
Martin_Pitt2456@iatim.tech,Martin Pitt
Tyler_Kidd6220@qater.org,Tyler Kidd
Mara_Grey4318@naiker.biz,Mara Grey
Willow_Evans6259@mafthy.com,Willow Evans
Chadwick_Trent3269@kideod.biz,Chadwick Trent
Percy_Preston8757@womeona.net,Percy Preston
Alan_Connor2951@extex.org,Alan Connor
Clarissa_Myatt1392@gembat.biz,Clarissa Myatt
Ada_Allen5988@extex.org,Ada Allen
Michael_Warner427@bulaffy.com,Michael Warner
Bridget_Potter2079@nanoff.biz,Bridget Potter
Davina_Faulkner7981@iatim.tech,Davina Faulkner
Tony_Archer839@zorer.org,Tony Archer
Blake_Cadman4365@sheye.org,Blake Cadman
Chuck_Allcott4250@gembat.biz,Chuck Allcott
Alan_Lloyd3463@famism.biz,Alan Lloyd
Julian_Thomas9698@womeona.net,Julian Thomas
Nick_Morris1343@deavo.com,Nick Morris
Greta_Tindall5126@grannar.com,Greta Tindall
Domenic_Verdon7262@eirey.tech,Domenic Verdon
Eduardo_Wilkinson2641@zorer.org,Eduardo Wilkinson
Julius_Devonport9953@tonsy.org,Julius Devonport
Josh_Summers7396@nanoff.biz,Josh Summers
Harmony_Alcroft5455@famism.biz,Harmony Alcroft
Aeris_Reading7165@brety.org,Aeris Reading
Marilyn_Emmett8708@infotech44.tech,Marilyn Emmett
Hank_Watt1021@jiman.org,Hank Watt
Enoch_Irving1089@cispeto.com,Enoch Irving
Carissa_Mccormick9406@nickia.com,Carissa Mccormick
Makena_Pierce3478@iatim.tech,Makena Pierce
Jack_Mccormick6785@infotech44.tech,Jack Mccormick
Rosalyn_Victor5433@sheye.org,Rosalyn Victor
Matthew_Reading266@iatim.tech,Matthew Reading
Meredith_Richards4628@muall.tech,Meredith Richards
Owen_Cavanagh289@bulaffy.com,Owen Cavanagh
Trisha_Buckley383@grannar.com,Trisha Buckley
Bernadette_Evans2367@extex.org,Bernadette Evans
Carol_Lane1295@vetan.org,Carol Lane
Jacqueline_Latham3427@muall.tech,Jacqueline Latham
Catherine_Osmond3147@typill.biz,Catherine Osmond
Thea_James7058@corti.com,Thea James
Logan_Connell7691@typill.biz,Logan Connell
Brooklyn_Patel9955@deons.tech,Brooklyn Patel
Bridget_Victor437@corti.com,Bridget Victor
Hayden_Rothwell8612@mafthy.com,Hayden Rothwell
Ruth_Nelson3724@cispeto.com,Ruth Nelson
Carl_Ianson2189@bulaffy.com,Carl Ianson
Allison_Underhill7507@muall.tech,Allison Underhill
Valerie_Rowan3099@womeona.net,Valerie Rowan
Bryon_Lloyd2539@guentu.biz,Bryon Lloyd
Taylor_Poole8203@iatim.tech,Taylor Poole
Julius_Dale1227@zorer.org,Julius Dale
Gil_Gilmour2572@bretoux.com,Gil Gilmour
Olivia_Simpson843@supunk.biz,Olivia Simpson
Leroy_Edwards4021@ovock.tech,Leroy Edwards
Doug_Collins3335@kideod.biz,Doug Collins
Rufus_Page 4920@eirey.tech,Rufus Page 
Julius_Antcliff5815@atink.com,Julius Antcliff
Fred_Whitmore8808@zorer.org,Fred Whitmore
Barney_Griffiths9996@gompie.com,Barney Griffiths
Sarah_Windsor8554@gompie.com,Sarah Windsor
Daniel_London8764@muall.tech,Daniel London
Johnathan_Tate6681@mafthy.com,Johnathan Tate
Harvey_Hunter9986@gembat.biz,Harvey Hunter
Nicholas_Addley9415@supunk.biz,Nicholas Addley
Chris_Baker5267@irrepsy.com,Chris Baker
Johnny_Collins7565@yahoo.com,Johnny Collins
Erica_Wood9180@eirey.tech,Erica Wood
Phillip_Malone9263@acrit.org,Phillip Malone
Mark_Campbell2954@vetan.org,Mark Campbell
Claire_Wright7934@bretoux.com,Claire Wright
Tom_Hardwick4611@extex.org,Tom Hardwick
Janice_Payne4144@sheye.org,Janice Payne
Carina_Wilde6318@muall.tech,Carina Wilde
Phoebe_Powell7415@yahoo.com,Phoebe Powell
Mike_John6009@deons.tech,Mike John
Nina_Plumb9159@naiker.biz,Nina Plumb
Ron_Martin4423@bungar.biz,Ron Martin
Nick_Dobson9337@brety.org,Nick Dobson
Cherish_Terry1576@zorer.org,Cherish Terry
Martin_Ebbs6444@qater.org,Martin Ebbs
Mike_Vincent7731@deavo.com,Mike Vincent
Audrey_Weatcroft3757@nimogy.biz,Audrey Weatcroft
Julia_Stanton6232@gmail.com,Julia Stanton
Emely_Booth7020@nickia.com,Emely Booth
Nick_Riley21@atink.com,Nick Riley
Cynthia_Hope7380@corti.com,Cynthia Hope
Celia_Paterson582@womeona.net,Celia Paterson
Stephanie_Overson7351@vetan.org,Stephanie Overson
Matt_Styles2425@vetan.org,Matt Styles
Gemma_Woodcock7917@dionrab.com,Gemma Woodcock
Lillian_Bell9787@gompie.com,Lillian Bell
Zoe_Rowan6274@eirey.tech,Zoe Rowan
Marilyn_Connor8948@yahoo.com,Marilyn Connor
Bryon_Leigh955@bauros.biz,Bryon Leigh
Roger_Patel896@atink.com,Roger Patel
Irene_Sinclair3974@jiman.org,Irene Sinclair
Hadley_Thomson6732@supunk.biz,Hadley Thomson
Marvin_Stevens4894@brety.org,Marvin Stevens
Liam_Rigg4857@infotech44.tech,Liam Rigg
Dani_Spencer2099@supunk.biz,Dani Spencer
Gabriel_Chappell398@famism.biz,Gabriel Chappell
Brooklyn_Barclay8229@twipet.com,Brooklyn Barclay
Erica_Robertson3559@acrit.org,Erica Robertson
Goldie_Murray5123@naiker.biz,Goldie Murray
Catherine_Vaughn3644@nanoff.biz,Catherine Vaughn
Jayden_Robe1131@typill.biz,Jayden Robe
Wade_Thorpe137@brety.org,Wade Thorpe
Harriet_Woodcock6294@gmail.com,Harriet Woodcock
Allison_Radcliffe1927@hourpy.biz,Allison Radcliffe
Sylvia_Long1343@womeona.net,Sylvia Long
Quinn_Lynch4228@bretoux.com,Quinn Lynch
Aleksandra_Stevens8724@guentu.biz,Aleksandra Stevens
Brooklyn_Rosenbloom178@ubusive.com,Brooklyn Rosenbloom
Elijah_Vaughan6249@corti.com,Elijah Vaughan
Cherish_Robinson1457@irrepsy.com,Cherish Robinson
Mike_Hunt5299@deons.tech,Mike Hunt
Paula_Radcliffe5759@deons.tech,Paula Radcliffe
Alba_Sheldon7030@hourpy.biz,Alba Sheldon
Mike_Hunter7301@iatim.tech,Mike Hunter
Noah_Broomfield8598@nanoff.biz,Noah Broomfield
Hannah_Samuel6529@bulaffy.com,Hannah Samuel
Hayden_Raven9533@deavo.com,Hayden Raven
Charlize_Giles7789@twace.org,Charlize Giles
Gil_Powell9284@muall.tech,Gil Powell
Jaylene_Slater7887@mafthy.com,Jaylene Slater
Bob_Flynn5095@dionrab.com,Bob Flynn
Helen_Windsor3624@liret.org,Helen Windsor
Gabriel_Jenkins6711@womeona.net,Gabriel Jenkins
Tyler_Wooldridge9952@brety.org,Tyler Wooldridge
Jayden_Waterhouse6021@bauros.biz,Jayden Waterhouse
Daniel_Dallas2185@gompie.com,Daniel Dallas
Charlotte_Hastings565@famism.biz,Charlotte Hastings
Maxwell_Flanders8735@fuliss.net,Maxwell Flanders
Leah_Ross5559@eirey.tech,Leah Ross
Holly_Quinn4054@typill.biz,Holly Quinn
Lara_Ellis664@qater.org,Lara Ellis
Danny_Nicolas7595@bauros.biz,Danny Nicolas
Kate_Potter7908@nickia.com,Kate Potter
Julia_Saunders6160@corti.com,Julia Saunders
Diane_Wren9838@grannar.com,Diane Wren
Chester_Walsh3616@guentu.biz,Chester Walsh
Trisha_Rogers4018@yahoo.com,Trisha Rogers
Daron_Adams2087@corti.com,Daron Adams
Percy_Warden1206@liret.org,Percy Warden
Jacob_Tobin8851@kideod.biz,Jacob Tobin
Adelaide_Weldon9104@tonsy.org,Adelaide Weldon
Johnny_Clarke5236@eirey.tech,Johnny Clarke
Tyson_Notman8673@jiman.org,Tyson Notman
Michelle_Shepherd7571@cispeto.com,Michelle Shepherd
Bart_Morgan1231@nanoff.biz,Bart Morgan
Norah_Strong7502@gmail.com,Norah Strong
Harvey_Warner9110@yahoo.com,Harvey Warner
Noah_Varley2192@famism.biz,Noah Varley
Martha_Ellwood9636@deons.tech,Martha Ellwood
Taylor_Rose8439@famism.biz,Taylor Rose
Ronald_Olson3802@infotech44.tech,Ronald Olson
Angelina_Norton7393@nickia.com,Angelina Norton
Jasmine_Lindsay1453@fuliss.net,Jasmine Lindsay
Estrella_Pond8317@corti.com,Estrella Pond
Irene_Murphy7068@nickia.com,Irene Murphy
Oliver_Willis368@jiman.org,Oliver Willis
Helen_Flack6930@deavo.com,Helen Flack
Wade_Raven9444@gembat.biz,Wade Raven
Carmen_Wild5531@zorer.org,Carmen Wild
Chad_Cattell9465@corti.com,Chad Cattell
Oliver_Quinton3498@naiker.biz,Oliver Quinton
Manuel_Thomas7122@extex.org,Manuel Thomas
Emerald_Marshall4646@grannar.com,Emerald Marshall
Sloane_Avery4287@naiker.biz,Sloane Avery
Gabriel_Yarwood6122@kideod.biz,Gabriel Yarwood
Andie_Evans8288@liret.org,Andie Evans
Nicholas_Quinnell5434@joiniaa.com,Nicholas Quinnell
Cedrick_Warden9112@ovock.tech,Cedrick Warden
Denny_Wigley9625@fuliss.net,Denny Wigley
Remy_Antcliff9983@muall.tech,Remy Antcliff
Henry_Wild1521@twace.org,Henry Wild
Angelina_Kaur8908@hourpy.biz,Angelina Kaur
Leroy_Hardwick4901@elnee.tech,Leroy Hardwick
Julian_Noach510@famism.biz,Julian Noach
George_Hopkinson4739@elnee.tech,George Hopkinson
Sara_Clayton6058@tonsy.org,Sara Clayton
Margaret_Ross1886@dionrab.com,Margaret Ross
Chad_Sheldon4136@gompie.com,Chad Sheldon
Julianna_Tanner822@liret.org,Julianna Tanner
Daron_Potts5234@sveldo.biz,Daron Potts
Mike_Watt9505@twipet.com,Mike Watt
Miriam_Chappell7248@sveldo.biz,Miriam Chappell
Juliet_Gordon7037@muall.tech,Juliet Gordon
Phillip_Carson4161@infotech44.tech,Phillip Carson
Felicity_Olson4749@twipet.com,Felicity Olson
Danny_Shepherd2441@bretoux.com,Danny Shepherd
Daniel_Shepherd5014@muall.tech,Daniel Shepherd
Mark_Snell8957@corti.com,Mark Snell
Moira_Redwood2949@irrepsy.com,Moira Redwood
Martin_Burge4235@atink.com,Martin Burge
Leanne_James5484@muall.tech,Leanne James
Elijah_Vollans6613@joiniaa.com,Elijah Vollans
Zara_Armstrong4071@joiniaa.com,Zara Armstrong
Claire_Curtis620@jiman.org,Claire Curtis
Colleen_Alcroft9356@twace.org,Colleen Alcroft
Cynthia_Stevenson128@supunk.biz,Cynthia Stevenson
Scarlett_Morgan1008@zorer.org,Scarlett Morgan
Caleb_Calderwood8510@bungar.biz,Caleb Calderwood
Luke_Parker4929@mafthy.com,Luke Parker
Daniel_Yates8835@jiman.org,Daniel Yates
Dani_Glynn1512@acrit.org,Dani Glynn
Ruby_Allcott4116@eirey.tech,Ruby Allcott
Daniel_Carson2764@atink.com,Daniel Carson
Dani_Quinton5393@atink.com,Dani Quinton
Carla_John1237@deons.tech,Carla John
Lynn_Rixon3475@grannar.com,Lynn Rixon
Carter_Robinson7498@infotech44.tech,Carter Robinson
Juliette_Wise7529@elnee.tech,Juliette Wise
Gil_Goodman5960@bulaffy.com,Gil Goodman
Gemma_Hunter3482@eirey.tech,Gemma Hunter
Michaela_Jennson7358@mafthy.com,Michaela Jennson
Susan_Roth643@infotech44.tech,Susan Roth
Janelle_Huggins8574@sheye.org,Janelle Huggins
Emely_Huggins3112@tonsy.org,Emely Huggins
Evie_Nanton1105@gmail.com,Evie Nanton
Daria_Thomas2073@typill.biz,Daria Thomas
Ciara_Rodwell983@twipet.com,Ciara Rodwell
Winnie_Lane1654@gembat.biz,Winnie Lane
Michelle_Benfield7825@fuliss.net,Michelle Benfield
Carolyn_James8226@hourpy.biz,Carolyn James
Chad_Antcliff1551@gmail.com,Chad Antcliff
Ryan_Corbett3720@infotech44.tech,Ryan Corbett
Anthony_Stone2515@atink.com,Anthony Stone
Hannah_Raven5771@nanoff.biz,Hannah Raven
Melanie_Tait1035@dionrab.com,Melanie Tait
Mike_Moreno958@mafthy.com,Mike Moreno
Johnathan_Mccall3840@famism.biz,Johnathan Mccall
Celia_Exton7218@cispeto.com,Celia Exton
Liliana_Redfern1956@deavo.com,Liliana Redfern
Matthew_Emerson6310@bulaffy.com,Matthew Emerson
Tom_Williams6619@kideod.biz,Tom Williams
Michelle_Smith806@fuliss.net,Michelle Smith
Valentina_Harris7832@bretoux.com,Valentina Harris
Noah_Judd2067@naiker.biz,Noah Judd
Daniel_Squire572@twace.org,Daniel Squire
Bob_Bowen4008@bulaffy.com,Bob Bowen
Daron_Thomas1810@nimogy.biz,Daron Thomas
Mya_James9384@sveldo.biz,Mya James
Rick_Reyes7152@grannar.com,Rick Reyes
Oliver_Lomax8870@guentu.biz,Oliver Lomax
Jacob_Adams8499@brety.org,Jacob Adams
Ilona_Dallas5359@nickia.com,Ilona Dallas
Cristal_Clayton1696@supunk.biz,Cristal Clayton
Celina_Gordon840@mafthy.com,Celina Gordon